Workbook

Sheet Input data
A1: Cross | B1: Replicate | C1: Egg number | E1: Larvae number | G1: Percentage hatch rate | J1: Engorged female num | M1: Number that laid | O1: Percent
A2: WTxSDA-500 | B2: 1 | C2: 121 | E2: 111 | G2: =E2/C2*100 -> 91.735537 | J2: 8 | M2: 6 | O2: =M2/J2*100 -> 75 | V2: Dead
A3: WTxSDA-500 | B3: 1 | C3: 134 | E3: 116 | G3: =E3/C3*100 -> 86.567164 | V3: Half dead
A4: WTxSDA-500 | B4: 1 | C4: 83 | E4: 0 | G4: =E4/C4*100 -> 0
A5: WTxSDA-500 | B5: 1 | C5: 118 | E5: 92 | G5: =E5/C5*100 -> 77.966102
A6: WTxSDA-500 | B6: 1 | C6: 81 | E6: 66 | G6: =E6/C6*100 -> 81.481481
A7: WTxSDA-500 | B7: 1 | C7: 0 | E7: 0 | G7: 0
A8: WTxSDA-500 | B8: 1 | C8: 102 | E8: 88 | G8: =E8/C8*100 -> 86.27451
A9: WTxSDA-500 | B9: 1 | C9: 0
A10: WTxSDA-500 | B10: 2 | C10: 0 | J10: 8 | M10: 6 | O10: =M10/J10*100 -> 75
A11: WTxSDA-500 | B11: 2 | C11: 0
A12: WTxSDA-500 | B12: 2 | C12: 217 | E12: 200 | G12: =E12/C12*100 -> 92.165899
A13: WTxSDA-500 | B13: 2 | C13: 147 | E13: 106 | G13: =E13/C13*100 -> 72.108844
A14: WTxSDA-500 | B14: 2 | C14: 153 | E14: 128 | G14: =E14/C14*100 -> 83.660131
A15: WTxSDA-500 | B15: 2 | C15: 146 | E15: 123 | G15: =E15/C15*100 -> 84.246575
A16: WTxSDA-500 | B16: 2 | C16: 88 | E16: 147 | G16: =E16/C16*100 -> 167.04545
A17: WTxSDA-500 | B17: 2 | C17: 169 | E17: 148 | G17: =E17/C17*100 -> 87.573964
A18: WTxSDA-500 | B18: 3 | C18: 75 | E18: 0 | G18: =E18/C18*100 -> 0 | J18: 8 | M18: 7 | O18: =M18/J18*100 -> 87.5
A19: WTxSDA-500 | B19: 3 | C19: 84 | E19: 14 | G19: =E19/C19*100 -> 16.666667
A20: WTxSDA-500 | B20: 3 | C20: 160 | E20: 135 | G20: =E20/C20*100 -> 84.375
A21: WTxSDA-500 | B21: 3 | C21: 126 | E21: 107 | G21: =E21/C21*100 -> 84.920635
A22: WTxSDA-500 | B22: 3 | C22: 0
A23: WTxSDA-500 | B23: 3 | C23: 123 | E23: 111 | G23: =E23/C23*100 -> 90.243902
A24: WTxSDA-500 | B24: 3 | C24: 68 | E24: 0 | G24: =E24/C24*100 -> 0
A25: WTxSDA-500 | B25: 3 | C25: 199 | E25: 160 | G25: =E25/C25*100 -> 80.40201
A26: WTxSDA-500 | B26: 4 | C26: 144 | E26: 131 | G26: =E26/C26*100 -> 90.972222 | J26: 8 | M26: 7 | O26: =M26/J26*100 -> 87.5
A27: WTxSDA-500 | B27: 4 | C27: 151 | E27: 55 | G27: =E27/C27*100 -> 36.423841
A28: WTxSDA-500 | B28: 4 | C28: 0
A29: WTxSDA-500 | B29: 4 | C29: 145 | E29: 130 | G29: =E29/C29*100 -> 89.655172
A30: WTxSDA-500 | B30: 4 | C30: 112 | E30: 97 | G30: =E30/C30*100 -> 86.607143
A31: WTxSDA-500 | B31: 4 | C31: 124 | E31: 111 | G31: =E31/C31*100 -> 89.516129
A32: WTxSDA-500 | B32: 4 | C32: 172 | E32: 0 | G32: =E32/C32*100 -> 0
A33: WTxSDA-500 | B33: 4 | C33: 79 | E33: 72 | G33: =E33/C33*100 -> 91.139241
A34: WTxSDA-500 | B34: 5 | C34: 0 | J34: 9 | M34: 7 | O34: =M34/J34*100 -> 77.777778
A35: WTxSDA-500 | B35: 5 | C35: 145 | E35: 62 | G35: =E35/C35*100 -> 42.758621
A36: WTxSDA-500 | B36: 5 | C36: 153 | E36: 122 | G36: =E36/C36*100 -> 79.738562
A37: WTxSDA-500 | B37: 5 | C37: 0
A38: WTxSDA-500 | B38: 5 | C38: 138 | E38: 133 | G38: =E38/C38*100 -> 96.376812
A39: WTxSDA-500 | B39: 5 | C39: 208 | E39: 174 | G39: =E39/C39*100 -> 83.653846
A40: WTxSDA-500 | B40: 5 | C40: 181 | E40: 147 | G40: =E40/C40*100 -> 81.21547
A41: WTxSDA-500 | B41: 5 | C41: 101 | E41: 71 | G41: =E41/C41*100 -> 70.29703
A42: WTxSDA-500 | B42: 5 | C42: 125 | E42: 31 | G42: =E42/C42*100 -> 24.8
A43: SDA-500xWT | B43: 1 | C43: 141 | E43: 123 | G43: =E43/C43*100 -> 87.234043 | J43: 5 | M43: 4 | O43: =M43/J43*100 -> 80
A44: SDA-500xWT | B44: 1 | C44: 70 | E44: 60 | G44: =E44/C44*100 -> 85.714286
A45: SDA-500xWT | B45: 1 | C45: 92 | E45: 78 | G45: =E45/C45*100 -> 84.782609
A46: SDA-500xWT | B46: 1 | C46: 77 | E46: 69 | G46: =E46/C46*100 -> 89.61039
A47: SDA-500xWT | B47: 1 | C47: 0
A48: SDA-500xWT | B48: 2 | C48: 101 | E48: 88 | G48: =E48/C48*100 -> 87.128713 | J48: 8 | M48: 4 | O48: 50
A49: SDA-500xWT | B49: 2 | C49: 0
A50: SDA-500xWT | B50: 2 | C50: 0
A51: SDA-500xWT | B51: 2 | C51: 0
A52: SDA-500xWT | B52: 2 | C52: 99 | E52: 44 | G52: =E52/C52*100 -> 44.444444
A53: SDA-500xWT | B53: 2 | C53: 76 | E53: 38 | G53: =E53/C53*100 -> 50
A54: SDA-500xWT | B54: 2 | C54: 0 | E54: 0 | G54: 0
A55: SDA-500xWT | B55: 2 | C55: 34 | E55: 18 | G55: =E55/C55*100 -> 52.941176
A56: SDA-500xWT | B56: 3 | C56: 212 | E56: 175 | G56: =E56/C56*100 -> 82.54717 | J56: 10 | M56: 7 | O56: =M56/J56*100 -> 70
A57: SDA-500xWT | B57: 3 | C57: 134 | E57: 119 | G57: =E57/C57*100 -> 88.80597
A58: SDA-500xWT | B58: 3 | C58: 175 | E58: 146 | G58: =E58/C58*100 -> 83.428571
A59: SDA-500xWT | B59: 3 | C59: 0
A60: SDA-500xWT | B60: 3 | C60: 104 | E60: 98 | G60: =E60/C60*100 -> 94.230769
A61: SDA-500xWT | B61: 3 | C61: 0
A62: SDA-500xWT | B62: 3 | C62: 150 | E62: 135 | G62: =E62/C62*100 -> 90
A63: SDA-500xWT | B63: 3 | C63: 98 | E63: 94 | G63: =E63/C63*100 -> 95.918367
A64: SDA-500xWT | B64: 3 | C64: 120 | E64: 113 | G64: =E64/C64*100 -> 94.166667
A65: SDA-500xWT | B65: 3 | C65: 0
A66: SDA-500xWT | B66: 4 | C66: 134 | E66: 121 | G66: =E66/C66*100 -> 90.298507 | J66: 8 | M66: 7 | O66: =M66/J66*100 -> 87.5
A67: SDA-500xWT | B67: 4 | C67: 108 | E67: 94 | G67: =E67/C67*100 -> 87.037037
A68: SDA-500xWT | B68: 4 | C68: 138 | E68: 131 | G68: =E68/C68*100 -> 94.927536
A69: SDA-500xWT | B69: 4 | C69: 0
A70: SDA-500xWT | B70: 4 | C70: 120 | E70: 67 | G70: =E70/C70*100 -> 55.833333
A71: SDA-500xWT | B71: 4 | C71: 70 | E71: 0 | G71: =E71/C71*100 -> 0
A72: SDA-500xWT | B72: 4 | C72: 172 | E72: 153 | G72: =E72/C72*100 -> 88.953488
A73: SDA-500xWT | B73: 4 | C73: 163 | E73: 98 | G73: =E73/C73*100 -> 60.122699
A74: SDA-500xWT | B74: 5 | C74: 157 | E74: 132 | G74: =E74/C74*100 -> 84.076433 | J74: 8 | M74: 8 | O74: 100
A75: SDA-500xWT | B75: 5 | C75: 182 | E75: 152 | G75: =E75/C75*100 -> 83.516484
A76: SDA-500xWT | B76: 5 | C76: 174 | E76: 2 | G76: =E76/C76*100 -> 1.1494253
A77: SDA-500xWT | B77: 5 | C77: 98 | E77: 0 | G77: =E77/C77*100 -> 0
A78: SDA-500xWT | B78: 5 | C78: 99 | E78: 7 | G78: =E78/C78*100 -> 7.0707071
A79: SDA-500xWT | B79: 5 | C79: 58 | E79: 54 | G79: =E79/C79*100 -> 93.103448
A80: SDA-500xWT | B80: 5 | C80: 142 | E80: 135 | G80: =E80/C80*100 -> 95.070423
A81: SDA-500xWT | B81: 5 | C81: 146 | E81: 133 | G81: =E81/C81*100 -> 91.09589
A82: HetxSDA-500 | B82: 1 | C82: 0 | J82: 7 | M82: 2 | O82: =M82/J82*100 -> 28.571429
A83: HetxSDA-500 | B83: 1 | C83: 205 | E83: 190 | G83: =E83/C83*100 -> 92.682927
A84: HetxSDA-500 | B84: 1 | C84: 0
A85: HetxSDA-500 | B85: 1 | C85: 0
A86: HetxSDA-500 | B86: 1 | C86: 45 | E86: 34 | G86: =E86/C86*100 -> 75.555556
A87: HetxSDA-500 | B87: 1 | C87: 0
A88: HetxSDA-500 | B88: 1 | C88: 0 | E88: 0 | G88: 0
A89: HetxSDA-500 | B89: 2 | C89: 170 | E89: 2 | G89: =E89/C89*100 -> 1.1764706 | J89: 8 | M89: 7 | O89: =M89/J89*100 -> 87.5
A90: HetxSDA-500 | B90: 2 | C90: 57 | E90: 45 | G90: =E90/C90*100 -> 78.947368
A91: HetxSDA-500 | B91: 2 | C91: 111 | E91: 107 | G91: =E91/C91*100 -> 96.396396
A92: HetxSDA-500 | B92: 2 | C92: 122 | E92: 113 | G92: =E92/C92*100 -> 92.622951
A93: HetxSDA-500 | B93: 2 | C93: 27 | E93: 25 | G93: =E93/C93*100 -> 92.592593
A94: HetxSDA-500 | B94: 2 | C94: 59 | E94: 57 | G94: =E94/C94*100 -> 96.610169
A95: HetxSDA-500 | B95: 2 | C95: 0 | E95: 0 | G95: 0
A96: HetxSDA-500 | B96: 2 | C96: 73 | E96: 0 | G96: =E96/C96*100 -> 0
A97: HetxSDA-500 | B97: 3 | C97: 90 | E97: 2 | G97: =E97/C97*100 -> 2.2222222 | J97: 5 | M97: 3 | O97: =M97/J97*100 -> 60
A98: HetxSDA-500 | B98: 3 | C98: 0 | E98: 0 | G98: 0
A99: HetxSDA-500 | B99: 3 | C99: 149 | E99: 148 | G99: =E99/C99*100 -> 99.328859
A100: HetxSDA-500 | B100: 3 | C100: 0 | E100: 0 | G100: 0
...

Sheet Data summary
D1: Avg Eggs | E1: Avg Larvae | F1: Hatching rate | G1: Fertility fitness cost
C2: WTxSDA500 | D2: =AVERAGE('Input data'!C2:C42) -> 106.63415 | E2: =AVERAGE('Input data'!E2:E42) -> 93.764706 | F2: =E2/D2*100 -> 87.93122
C3: HetsxSDA500 | D3: =AVERAGE('Input data'!C82:C116) -> 67.685714 | E3: =AVERAGE('Input data'!E82:E116) -> 56.548387 | F3: =E3/D3*100 -> 83.545528 | G3: =D3/D2 -> 0.63474709 | H3: =E3/E2 -> 0.60308819 | I3: =F3/F2 -> 0.9501236
C4: HomsxSDA500 | D4: =AVERAGE('Input data'!C160:C203) -> 20.863636 | E4: =AVERAGE('Input data'!E160:E203) -> 23.115385 | F4: =E4/D4*100 -> 110.79269 | G4: =D4/D2 -> 0.19565624 | H4: =E4/E2 -> 0.24652543 | I4: =F4/F2 -> 1.2599927
C5: SDA500xWT | D5: =AVERAGE('Input data'!C43:C81) -> 93.435897 | E5: =AVERAGE('Input data'!E43:E81) -> 86.354839 | F5: =E5/D5*100 -> 92.421479
C6: SDA500xHets | D6: =AVERAGE('Input data'!C117:C159) -> 45.488372 | E6: =AVERAGE('Input data'!E117:E159) -> 15.342857 | F6: =E6/D6*100 -> 33.729185 | G6: =D6/D5 -> 0.48684043 | H6: =E6/E5 -> 0.17767223 | I6: =F6/F5 -> 0.36494963
C7: SDA500xHoms | D7: 0
